Date,Writing,Notes (Writing),Didnâ€™t spend frivolously (3 month goal),Notes (Didnâ€™t spend frivolously (3 month goal)),Didnâ€™t order out,Notes (Didnâ€™t order out),Meditating,Notes (Meditating),Exercising / 10K Steps,Notes (Exercising / 10K Steps),Time Outdoors (3x week),Notes (Time Outdoors (3x week)),Community,Notes (Community),Read,Notes (Read),Take Vitamins,Notes (Take Vitamins),Journaling,Notes (Journaling)
2017-11-30,-,-,-,-,-,-,Red,-,Red,-,-,-,-,-,-,-,Green,-,-,-
2017-12-01,-,-,-,-,-,-,Red,-,Green,-,-,-,-,-,-,-,Green,-,-,-
2017-12-02,-,-,-,-,-,-,Green,-,Green,-,-,-,-,-,-,-,Green,-,-,-
2017-12-03,-,-,-,-,-,-,Red,-,Green,-,-,-,-,-,-,-,Green,-,-,-
2017-12-04,-,-,-,-,-,-,Red,-,Green,"New routine start: 
- 20 push ups (10x2)
- 6 chin ups (3x2)
- 75 kettlebell swings (15lbs)
- 5 dislocates
- bar hang and a couple leg lifts",-,-,-,-,-,-,Green,-,-,-
2017-12-05,-,-,-,-,-,-,Red,-,Green,-,-,-,-,-,-,-,Green,-,-,-
2017-12-06,-,-,-,-,-,-,Green,-,Green,-,-,-,-,-,-,-,Green,-,-,-
2017-12-07,-,-,-,-,-,-,Red,-,Green,-,-,-,-,-,-,-,Green,-,-,-
2017-12-08,-,-,-,-,-,-,Red,-,Green,-,-,-,-,-,-,-,Green,-,-,-
2017-12-09,-,-,-,-,-,-,-,-,Green,-,-,-,-,-,-,-,Green,-,-,-
2017-12-10,-,-,-,-,-,-,Red,-,Green,-,-,-,-,-,-,-,Green,-,-,-
2017-12-11,-,-,-,-,-,-,Red,-,Green,-,-,-,-,-,-,-,Green,-,-,-
2017-12-12,-,-,-,-,-,-,Red,-,Green,-,-,-,-,-,-,-,Green,-,-,-
2017-12-13,-,-,-,-,-,-,Red,-,Green,-,-,-,-,-,-,-,Green,-,-,-
2017-12-14,-,-,-,-,-,-,Red,-,Green,-,-,-,-,-,-,-,Green,-,-,-
2017-12-15,-,-,-,-,-,-,Red,-,Green,-,-,-,-,-,-,-,Green,-,-,-
2017-12-16,-,-,-,-,-,-,Red,-,Green,-,-,-,-,-,-,-,Green,-,-,-
2017-12-17,-,-,-,-,-,-,Red,-,Green,Mostly stretching. Pulled back day before.,-,-,-,-,-,-,Green,-,-,-
2017-12-18,-,-,-,-,-,-,Red,-,Green,-,-,-,-,-,-,-,Green,-,-,-
2017-12-19,-,-,-,-,-,-,Red,-,Green,-,-,-,-,-,-,-,Green,-,-,-
2017-12-20,-,-,-,-,-,-,Red,-,Green,"Back still sore. Omitted kettlebell swings. 
Did 30sec each side l-sits and QL Walks 10f 10b",-,-,-,-,-,-,Green,-,-,-
2017-12-21,-,-,-,-,-,-,Red,-,Green,-,-,-,-,-,-,-,Green,-,-,-
2017-12-22,-,-,-,-,-,-,Green,-,Green,-,-,-,-,-,-,-,Green,-,-,-
2017-12-23,-,-,-,-,-,-,Green,-,Green,-,-,-,-,-,-,-,Green,-,-,-
2017-12-24,-,-,-,-,-,-,Green,-,Green,-,-,-,-,-,-,-,Green,-,-,-
2017-12-25,-,-,-,-,-,-,Red,-,Green,-,-,-,-,-,-,-,Green,-,-,-
2017-12-26,-,-,-,-,-,-,Green,-,Green,-,-,-,-,-,-,-,Green,-,-,-
2017-12-27,-,-,-,-,-,-,Red,-,Green,-,-,-,-,-,-,-,Green,-,-,-
2017-12-28,-,-,-,-,-,-,Red,-,Blue,"Left lower back messed up.
Need a rest day",-,-,-,-,-,-,Green,-,-,-
2017-12-29,-,-,-,-,-,-,Red,-,Green,-,-,-,-,-,-,-,Green,-,-,-
2017-12-30,-,-,-,-,-,-,Red,-,Blue,Head cold :(,-,-,-,-,-,-,Green,-,-,-
2017-12-31,-,-,-,-,-,-,Green,-,Blue,"Still have a cold.
Did some light stretching instead of normal routine",-,-,-,-,-,-,Green,-,-,-
2018-01-01,-,-,-,-,-,-,Red,-,Green,-,-,-,-,-,-,-,Green,-,-,-
2018-01-02,-,-,-,-,-,-,Red,-,Green,"Only stretching and 1 set of 15 push ups.

Felt woozy. Still sick.",-,-,-,-,-,-,Green,-,-,-
2018-01-03,-,-,-,-,-,-,Red,-,Green,"Only one set of push-ups and chin ups
Breathing still hard",-,-,-,-,-,-,Green,-,-,-
2018-01-04,-,-,-,-,-,-,Red,-,Green,Stretching + 1 set 10 push-ups and 1 set 4 chin-ups,-,-,-,-,-,-,Green,-,-,-
2018-01-05,-,-,-,-,-,-,Red,-,Green,-,-,-,-,-,-,-,Green,-,-,-
2018-01-06,-,-,-,-,-,-,Red,-,Green,-,-,-,-,-,-,-,Green,-,-,-
2018-01-07,-,-,-,-,-,-,Red,-,Green,-,-,-,-,-,-,-,Green,-,-,-
2018-01-08,-,-,-,-,-,-,Red,-,Blue,Rest / alarm didn't go off this morning,-,-,-,-,-,-,Green,-,-,-
2018-01-09,-,-,-,-,-,-,Green,-,Green,-,-,-,-,-,-,-,Green,-,-,-
2018-01-10,-,-,-,-,-,-,Red,-,Green,-,-,-,-,-,-,-,Green,-,-,-
2018-01-11,-,-,-,-,-,-,Green,-,Green,-,-,-,-,-,-,-,Green,-,-,-
2018-01-12,-,-,-,-,-,-,Green,-,Green,"Exhausted: limited workout
1 set push-ups 
1 set chin-ups
1 set pull-ups
Stretching",-,-,-,-,-,-,Green,-,-,-
2018-01-13,-,-,-,-,-,-,Red,-,Green,-,-,-,-,-,-,-,Green,-,-,-
2018-01-14,-,-,-,-,-,-,Red,-,Blue,Rest day,-,-,-,-,-,-,Green,-,-,-
2018-01-15,-,-,-,-,-,-,Red,-,Green,-,-,-,-,-,-,-,Green,-,-,-
2018-01-16,-,-,-,-,-,-,Red,-,Green,-,-,-,-,-,-,-,Green,-,-,-
2018-01-17,-,-,-,-,-,-,Red,-,Green,-,-,-,-,-,-,-,Green,-,-,-
2018-01-18,-,-,-,-,-,-,Red,-,Green,"Only stretching.
Physically exhausted",-,-,-,-,-,-,Green,-,-,-
2018-01-19,-,-,-,-,-,-,Red,-,Green,-,-,-,-,-,-,-,Green,-,-,-
2018-01-20,-,-,-,-,-,-,Red,-,Green,-,-,-,-,-,-,-,Green,-,-,-
2018-01-21,-,-,-,-,-,-,Red,-,Green,Stretching only,-,-,-,-,-,-,Green,-,-,-
2018-01-22,-,-,-,-,-,-,Red,-,Green,-,-,-,-,-,-,-,Green,-,-,-
2018-01-23,-,-,-,-,-,-,Red,-,Green,-,-,-,-,-,-,-,Green,-,-,-
2018-01-24,-,-,-,-,-,-,Green,-,Blue,Rest,-,-,-,-,-,-,Green,-,-,-
2018-01-25,-,-,-,-,-,-,Red,-,Green,-,-,-,-,-,-,-,Green,-,-,-
2018-01-26,-,-,-,-,-,-,Red,-,Blue,"Rest day. 

Completely exhausted. Needed to sleep in",-,-,-,-,-,-,Green,-,-,-
2018-01-27,-,-,-,-,-,-,Red,-,Green,-,-,-,-,-,-,-,Green,-,-,-
2018-01-28,-,-,-,-,-,-,Red,-,Green,-,-,-,-,-,-,-,Green,-,-,-
2018-01-29,-,-,-,-,-,-,Red,-,Green,-,-,-,-,-,-,-,Green,-,-,-
2018-01-30,-,-,-,-,-,-,Red,-,Green,-,-,-,-,-,-,-,Green,-,-,-
2018-01-31,-,-,-,-,-,-,Red,-,Green,Resting upper body,-,-,-,-,-,-,Green,-,-,-
2018-02-01,-,-,-,-,-,-,Red,-,Green,-,-,-,-,-,-,-,Green,-,-,-
2018-02-02,-,-,-,-,-,-,Red,-,Blue,Rest day. Moved Andrea day prior,-,-,-,-,-,-,Green,-,-,-
2018-02-03,-,-,-,-,-,-,Red,-,Green,-,-,-,-,-,-,-,Green,-,-,-
2018-02-04,-,-,-,-,-,-,Red,-,Blue,Rest day. Arms needed time off after moving Andrea.,-,-,-,-,-,-,Green,-,-,-
2018-02-05,-,-,-,-,-,-,Red,-,Green,Stretching morning,-,-,-,-,-,-,Green,-,-,-
2018-02-06,-,-,-,-,-,-,Red,-,Green,-,-,-,-,-,-,-,Green,-,-,-
2018-02-07,-,-,-,-,-,-,Red,-,Green,Push-ups and stretching. Slept horribly. Body does not want.,-,-,-,-,-,-,Green,-,-,-
2018-02-08,-,-,-,-,-,-,Red,-,Blue,Got the flu,-,-,-,-,-,-,Blue,Sick with flu,-,-
2018-02-09,-,-,-,-,-,-,Red,-,Blue,Sick with flu,-,-,-,-,-,-,Blue,Still sick with flu,-,-
2018-02-10,-,-,-,-,-,-,Red,-,Blue,Still sick,-,-,-,-,-,-,Green,-,-,-
2018-02-11,-,-,-,-,-,-,Green,-,Blue,Still sick,-,-,-,-,-,-,Green,-,-,-
2018-02-12,-,-,-,-,-,-,Green,-,Blue,Still congested ðŸ˜­,-,-,-,-,-,-,Green,-,-,-
2018-02-13,-,-,-,-,-,-,Green,-,Green,Stretching and a couple pull ups. Still under the weather,-,-,-,-,-,-,Green,-,-,-
2018-02-14,-,-,-,-,-,-,Green,-,Green,"1 x 10 push ups
1 x 3 chin ups
1 x 3 pull ups
1 x 8 bend leg lifts
Stretching.",-,-,-,-,-,-,Green,-,-,-
2018-02-15,-,-,-,-,-,-,Green,-,Green,-,-,-,-,-,-,-,Green,-,-,-
2018-02-16,-,-,-,-,-,-,Green,-,Green,-,-,-,-,-,-,-,Green,-,-,-
2018-02-17,-,-,-,-,-,-,Green,-,Green,-,-,-,-,-,-,-,Green,-,-,-
2018-02-18,-,-,-,-,-,-,Green,-,Green,-,-,-,-,-,-,-,Green,-,-,-
2018-02-19,-,-,-,-,-,-,Green,-,Green,-,-,-,-,-,-,-,Green,-,-,-
2018-02-20,-,-,-,-,-,-,Green,-,Green,Stretching only,-,-,-,-,-,-,Green,-,-,-
2018-02-21,-,-,-,-,-,-,Green,-,Green,Stretching only,-,-,-,-,-,-,Green,-,-,-
2018-02-22,-,-,-,-,-,-,Green,-,Green,-,-,-,-,-,-,-,Green,-,-,-
2018-02-23,-,-,-,-,-,-,Green,-,Green,-,-,-,-,-,-,-,Green,-,-,-
2018-02-24,-,-,-,-,-,-,Green,-,Green,-,-,-,-,-,-,-,Green,-,-,-
2018-02-25,-,-,-,-,-,-,Green,-,Green,-,-,-,-,-,-,-,Green,-,-,-
2018-02-26,-,-,-,-,-,-,Green,-,Green,Stretching only,-,-,-,-,-,-,Green,-,-,-
2018-02-27,-,-,-,-,-,-,Green,-,Green,Stretching and a set of hanging leg curls,-,-,-,-,-,-,Green,-,-,-
2018-02-28,-,-,-,-,-,-,Green,-,Green,-,-,-,-,-,-,-,Green,-,-,-
2018-03-01,-,-,-,-,-,-,Green,-,Blue,Light stretching. Routine interrupted by no toilet paper.,-,-,-,-,-,-,Green,-,-,-
2018-03-02,-,-,-,-,-,-,Green,-,Green,-,-,-,-,-,-,-,Green,-,-,-
2018-03-03,-,-,-,-,-,-,Green,-,Green,-,-,-,-,-,-,-,Green,-,-,-
2018-03-04,-,-,-,-,-,-,Green,-,Green,-,-,-,-,-,-,-,Green,-,-,-
2018-03-05,-,-,-,-,-,-,Green,-,Green,-,-,-,-,-,-,-,Green,-,-,-
2018-03-06,-,-,-,-,-,-,Green,-,Blue,Finger sliced by mandolin,-,-,-,-,-,-,Green,-,-,-
2018-03-07,-,-,-,-,-,-,Green,-,Green,Push-ups and stretching. Finger still healing,-,-,-,-,-,-,Green,-,-,-
2018-03-08,-,-,-,-,-,-,Green,-,Blue,Slept 5 hours and finger still hurt from cut ðŸ˜¢,-,-,-,-,-,-,Green,-,-,-
2018-03-09,-,-,-,-,-,-,Green,-,Green,-,-,-,-,-,-,-,Green,-,-,-
2018-03-10,-,-,-,-,-,-,Green,-,Green,-,-,-,-,-,-,-,Green,-,-,-
2018-03-11,-,-,-,-,-,-,Green,-,Green,-,-,-,-,-,-,-,Green,-,-,-
2018-03-12,-,-,-,-,-,-,Green,-,Blue,Stretching only,-,-,-,-,-,-,Green,-,-,-
2018-03-13,-,-,-,-,-,-,Green,-,Green,Push-ups only,-,-,-,-,-,-,Green,-,-,-
2018-03-14,-,-,-,-,-,-,Green,-,Green,-,-,-,-,-,-,-,Green,-,-,-
2018-03-15,-,-,-,-,-,-,Green,-,Green,-,-,-,-,-,-,-,Green,-,-,-
2018-03-16,-,-,-,-,-,-,Green,-,Blue,Rest + stretching,-,-,-,-,-,-,Green,-,-,-
2018-03-17,-,-,-,-,-,-,Green,-,Green,-,-,-,-,-,-,-,Green,-,-,-
2018-03-18,-,-,-,-,-,-,Green,-,Green,-,-,-,-,-,-,-,Green,-,-,-
2018-03-19,-,-,-,-,-,-,Green,-,Green,-,-,-,-,-,-,-,Green,-,-,-
2018-03-20,-,-,-,-,-,-,Blue,Ran out the door for a meeting,Blue,Ran out the door for a meeting,-,-,-,-,-,-,Green,-,-,-
2018-03-21,-,-,-,-,-,-,Green,-,Green,-,-,-,-,-,-,-,Green,-,-,-
2018-03-22,-,-,-,-,-,-,Green,-,Green,-,-,-,-,-,-,-,Green,-,-,-
2018-03-23,-,-,-,-,-,-,Green,-,Green,-,-,-,-,-,-,-,Green,-,-,-
2018-03-24,-,-,-,-,-,-,Green,-,Green,-,-,-,-,-,-,-,Green,-,-,-
2018-03-25,-,-,-,-,-,-,Green,-,Blue,Stretching only. Rest,-,-,-,-,-,-,Green,-,-,-
2018-03-26,-,-,-,-,-,-,Green,-,Green,-,-,-,-,-,-,-,Green,-,-,-
2018-03-27,-,-,-,-,-,-,Green,-,Green,-,-,-,-,-,-,-,Green,-,-,-
2018-03-28,-,-,-,-,-,-,Green,-,Green,-,-,-,-,-,-,-,Green,-,-,-
2018-03-29,-,-,-,-,-,-,Green,-,Green,-,-,-,-,-,-,-,Green,-,-,-
2018-03-30,-,-,-,-,-,-,Green,-,Green,-,-,-,-,-,-,-,Green,-,-,-
2018-03-31,-,-,-,-,-,-,Green,-,Green,-,-,-,-,-,-,-,Green,-,-,-
2018-04-01,-,-,-,-,-,-,Green,-,Green,-,-,-,-,-,-,-,Green,-,-,-
2018-04-02,-,-,-,-,-,-,Green,-,Green,-,-,-,-,-,-,-,Green,-,-,-
2018-04-03,-,-,-,-,-,-,Green,-,Blue,Light stretching. Slept like butt,-,-,-,-,-,-,Green,-,-,-
2018-04-04,-,-,-,-,-,-,Green,-,Green,-,-,-,-,-,-,-,Green,-,-,-
2018-04-05,-,-,-,-,-,-,Green,-,Green,-,-,-,-,-,-,-,Green,-,-,-
2018-04-06,-,-,-,-,-,-,Green,-,Green,-,-,-,-,-,-,-,Green,-,-,-
2018-04-07,-,-,-,-,-,-,Green,-,Green,-,-,-,-,-,-,-,Green,-,-,-
2018-04-08,-,-,-,-,-,-,Green,-,Green,-,-,-,-,-,-,-,Green,-,-,-
2018-04-09,-,-,-,-,-,-,Green,-,Green,-,-,-,-,-,-,-,Green,-,-,-
2018-04-10,-,-,-,-,-,-,Green,-,Green,-,-,-,-,-,-,-,Green,-,-,-
2021-04-01,-,-,-,-,-,-,Green,-,Red,-,-,-,-,-,-,-,Green,-,-,-
2021-04-02,-,-,-,-,-,-,Green,-,Green,Lots of pallet destruction,-,-,-,-,-,-,Green,-,-,-
2021-04-03,-,-,-,-,-,-,Green,-,Red,Relaxing at the cabin,-,-,-,-,-,-,Green,-,-,-
2021-04-04,-,-,-,-,-,-,Green,-,Red,-,-,-,-,-,-,-,Green,-,-,-
2021-04-05,-,-,-,-,-,-,Green,-,Red,-,-,-,-,-,-,-,Green,-,-,-
2021-04-06,-,-,-,-,-,-,Green,-,Red,-,-,-,-,-,-,-,Green,-,-,-
2021-04-07,-,-,-,-,-,-,Green,-,Green,-,-,-,-,-,-,-,Green,-,-,-
2021-04-08,-,-,-,-,-,-,Green,-,Green,-,-,-,-,-,-,-,Green,-,-,-
2021-04-09,-,-,-,-,-,-,Green,-,Red,-,-,-,-,-,-,-,Green,-,-,-
2021-04-10,-,-,-,-,-,-,Green,-,Green,-,-,-,-,-,-,-,Green,-,-,-
2021-04-11,-,-,-,-,-,-,Green,-,Green,Steps and long walk,-,-,-,-,-,-,Green,-,-,-
2021-04-12,-,-,-,-,-,-,Green,-,Red,-,-,-,-,-,-,-,Green,-,-,-
2021-04-13,-,-,-,-,-,-,Green,-,Green,Steps,-,-,-,-,-,-,Green,-,-,-
2021-04-14,-,-,-,-,-,-,Green,-,Green,-,-,-,-,-,-,-,Green,-,-,-
2021-04-15,-,-,-,-,-,-,Green,-,Green,-,-,-,-,-,-,-,Green,-,-,-
2021-04-16,-,-,-,-,-,-,Green,-,Green,-,-,-,-,-,-,-,Green,-,-,-
2021-04-17,-,-,-,-,-,-,Green,-,Green,Long walk to Ã©clair to see Bradley,-,-,-,-,-,-,Green,-,-,-
2021-04-18,-,-,-,-,-,-,Green,-,Green,Walk with Yamina in LaSalle,-,-,-,-,-,-,Green,-,-,-
2021-04-19,-,-,-,-,-,-,Green,-,Blue,-,-,-,-,-,-,-,Green,-,-,-
2021-04-20,-,-,-,-,-,-,Green,-,Green,-,-,-,-,-,-,-,Green,-,-,-
2021-04-21,-,-,-,-,-,-,Green,-,Green,"Quick mobility stretch routine
5 push-ups",-,-,-,-,-,-,Green,-,-,-
2021-04-22,-,-,-,-,-,-,Green,-,Green,"Quick mobility stretch routine
5 push-ups",-,-,-,-,-,-,Green,-,-,-
2021-04-23,-,-,-,-,-,-,Green,-,Green,"Quick mobility stretch routine
7 push-ups",-,-,-,-,-,-,Green,-,-,-
2021-04-24,-,-,-,-,-,-,Green,-,Blue,-,-,-,-,-,-,-,Green,-,-,-
2021-04-25,-,-,-,-,-,-,Green,-,Green,Heavy ass kneading,-,-,-,-,-,-,Green,-,-,-
2021-04-26,-,-,-,-,-,-,Green,-,Green,"Quick mobility stretch routine
10 push-ups",-,-,-,-,-,-,Green,-,-,-
2021-04-27,-,-,-,-,-,-,Green,-,Green,"Quick mobility stretch routine
9 push-ups
1 set sun salutations",-,-,-,-,-,-,Green,-,-,-
2021-04-28,-,-,-,-,-,-,Green,-,Green,"Quick mobility stretch routine
10 push-ups
2 set sun salutations",-,-,-,-,-,-,Green,-,-,-
2021-04-29,-,-,-,-,-,-,Green,-,Green,"Quick mobility stretch routine
2 sets sun salutations",-,-,-,-,-,-,Green,-,-,-
2021-04-30,-,-,-,-,-,-,Green,Started 10m,Green,Quick mobility stretch routine,-,-,-,-,-,-,Green,-,-,-
2021-05-01,-,-,-,-,-,-,Green,5 minutes in the AM,Blue,Left early for chalet. Spent most of the day cooking.,-,-,-,-,-,-,Green,-,-,-
2021-05-02,-,-,-,-,-,-,Green,-,Green,"Quick mobility stretch routine
2 sets sun salutations
10 incline push-ups",-,-,-,-,-,-,Green,-,-,-
2021-05-03,-,-,-,-,-,-,Green,-,Green,"Quick mobility stretch routine
1 sets sun salutations
5 floor push-ups",-,-,-,-,-,-,Green,-,-,-
2021-05-04,-,-,-,-,-,-,Green,-,Green,"Quick mobility stretch routine
1 sets sun salutations
10 incline push-ups",-,-,-,-,-,-,Green,-,-,-
2021-05-05,-,-,-,-,-,-,Green,-,Blue,Spent time reflecting this morning on my next steps,-,-,-,-,-,-,Green,-,-,-
2021-05-06,-,-,-,-,-,-,Green,-,Green,"Quick mobility stretch routine
1 sets sun salutations",-,-,-,-,-,-,Green,-,-,-
2021-05-07,-,-,-,-,-,-,Green,-,Blue,-,-,-,-,-,-,-,Green,-,-,-
2021-05-08,-,-,-,-,-,-,Green,-,Green,"Quick mobility stretch routine
1 sets sun salutations
5 floor push-ups",-,-,-,-,-,-,Green,-,-,-
2021-05-09,-,-,-,-,-,-,Green,-,Green,"Quick mobility stretch routine
1 sets sun salutations
5 push-ups
20s ab hold
15s back arc hold",-,-,-,-,-,-,Green,-,-,-
2021-05-10,-,-,-,-,-,-,Green,-,Blue,Rest day. Bad sleep.,-,-,-,-,-,-,Green,-,-,-
2021-05-11,-,-,-,-,-,-,Green,-,Green,"Quick mobility stretch routine
1 sets sun salutations
5 floor push-ups
20s arc hold
20s hollow body hold",-,-,-,-,-,-,Green,-,-,-
2021-05-12,-,-,-,-,-,-,Green,-,Green,Quick mobility stretch routine,-,-,-,-,-,-,Green,-,-,-
2021-05-13,-,-,-,-,-,-,Green,-,Green,Probably 10k steps. Forgot my watch today.,-,-,-,-,-,-,Green,-,-,-
2021-05-14,-,-,-,-,-,-,Green,-,Green,"Quick mobility stretch routine
5 floor push-ups",-,-,-,-,-,-,Green,-,-,-
2021-05-15,-,-,-,-,-,-,Green,-,Green,-,-,-,-,-,-,-,Green,-,-,-
2021-05-16,-,-,-,-,-,-,Green,-,Blue,-,-,-,-,-,-,-,Green,-,-,-
2021-05-17,-,-,-,-,-,-,Green,-,Green,Quick mobility stretch routine,-,-,-,-,-,-,Green,-,-,-
2021-05-18,-,-,-,-,-,-,Green,-,Green,-,-,-,-,-,-,-,Green,-,-,-
2021-05-19,-,-,-,-,-,-,Green,-,Green,-,-,-,-,-,-,-,Green,-,-,-
2021-05-20,-,-,-,-,-,-,Green,-,Green,-,-,-,-,-,-,-,Green,-,-,-
2021-05-21,-,-,-,-,-,-,Green,-,Blue,-,-,-,-,-,-,-,Green,-,-,-
2021-05-22,-,-,-,-,-,-,Green,-,Blue,-,-,-,-,-,-,-,Green,-,-,-
2021-05-23,-,-,-,-,-,-,Green,-,Green,-,-,-,-,-,-,-,Green,-,-,-
2021-05-24,-,-,-,-,-,-,Green,-,Blue,-,-,-,-,-,-,-,Green,-,-,-
2021-05-25,-,-,-,-,-,-,Green,-,Green,-,-,-,-,-,-,-,Green,-,-,-
2021-05-26,-,-,-,-,-,-,Green,-,Green,"Quick mobility stretch routine
5 floor push-ups",-,-,-,-,-,-,Green,-,-,-
2021-05-27,-,-,-,-,-,-,Green,-,Green,-,-,-,-,-,-,-,Green,-,-,-
2021-05-28,-,-,-,-,-,-,Green,Started 15m,Green,"Quick mobility stretch routine
5 floor push-ups
Bar hangs",-,-,-,-,-,-,Green,-,-,-
2021-05-29,-,-,-,-,-,-,Green,Started feeling panicked at the end of the session. Lots of stress dreams last night,Green,Built a gazebo,-,-,-,-,-,-,Green,-,-,-
2021-05-30,-,-,-,-,-,-,Green,Wonderful outdoor meditation on the dock at the chalet,Blue,-,-,-,-,-,-,-,Green,-,-,-
2021-05-31,-,-,-,-,-,-,Green,-,Green,-,-,-,-,-,-,-,Green,-,-,-
2021-06-01,-,-,-,-,-,-,Green,-,Green,-,-,-,-,-,-,-,Green,-,-,-
2021-06-02,-,-,-,-,-,-,Green,-,Green,-,-,-,-,-,-,-,Green,-,-,-
2021-06-03,-,-,-,-,-,-,Green,-,Green,-,-,-,-,-,-,-,Green,-,-,-
2021-06-04,-,-,-,-,-,-,Green,-,Green,-,-,-,-,-,-,-,Green,-,-,-
2021-06-05,-,-,-,-,-,-,Green,-,Green,-,-,-,-,-,-,-,Green,-,-,-
2021-06-06,-,-,-,-,-,-,Green,-,Green,-,-,-,-,-,-,-,Green,-,-,-
2021-06-07,-,-,-,-,-,-,Green,-,Green,-,-,-,-,-,-,-,Green,-,-,-
2021-06-08,-,-,-,-,-,-,Green,-,Blue,-,-,-,-,-,-,-,Green,-,-,-
2021-06-09,-,-,-,-,-,-,Green,-,Green,"Mobility stretches
2x 5 push-ups
2x 10 kettlebell swings
2x 10 overhead lifts (per arm)",-,-,-,-,-,-,Green,-,-,-
2021-06-10,-,-,-,-,-,-,Green,-,Green,Relaxing morning walk. Knee sore from yesterday.,-,-,-,-,-,-,Green,-,-,-
2021-06-11,-,-,-,-,-,-,Green,-,Green,"Mobility stretches
5 push-ups
15 kettlebell swings
10 overhead lifts (per arm)",-,-,-,-,-,-,Green,-,-,-
2021-06-12,-,-,-,-,-,-,Green,-,Blue,-,-,-,-,-,-,-,Green,-,-,-
2021-06-13,-,-,-,-,-,-,Green,-,Green,Outdoor work at chalet (cutting wood with axe and moving stuff),-,-,-,-,-,-,Green,-,-,-
2021-06-14,-,-,-,-,-,-,Green,-,Blue,Rest day,-,-,-,-,-,-,Green,-,-,-
2021-06-15,-,-,-,-,-,-,Green,-,Green,"Mobility stretches
5 push-ups
10 kettlebell swings
10 overhead lifts (per arm)
10 squats
15s hang with shoulder flexing",-,-,-,-,-,-,Green,-,-,-
2021-06-16,-,-,-,-,-,-,Green,-,Green,40m photo walk with myself,-,-,-,-,-,-,Green,-,-,-
2021-06-17,-,-,-,-,-,-,Green,-,Green,"Mobility stretches
10 push-ups
20 kettlebell swings
12 overhead lifts (per arm)
10 squats
30s hang with shoulder flexing",-,-,-,-,-,-,Green,-,-,-
2021-06-18,-,-,-,-,-,-,Green,-,Blue,-,-,-,-,-,-,-,Green,-,-,-
2021-06-19,-,-,-,-,-,-,Green,-,Blue,-,-,-,-,-,-,-,Green,-,-,-
2021-06-20,-,-,-,-,-,-,Green,-,Green,"Mobility stretches
5 push-ups
10 squats
30s l-sit one foot hold (per side)",-,-,-,-,-,-,Green,-,-,-
2021-06-21,-,-,-,-,-,-,Green,-,Blue,-,-,-,-,-,-,-,Green,-,-,-
2021-06-22,-,-,-,-,-,-,Green,-,Green,"Mobility stretches
7 push-ups
20 kettlebell swings
12 overhead lifts (per arm)
10 squats
10 reverse lunges (5 per side)
30s hang with shoulder flexing",-,-,-,-,-,-,Green,-,-,-
2021-06-23,-,-,-,-,-,-,Green,-,Blue,-,-,-,-,-,-,-,Green,-,-,-
2021-06-24,-,-,-,-,-,-,Green,-,Green,"Mobility stretches
8 push-ups
30 kettlebell swings
14 overhead lifts (per arm)
12 squats
30s hang with shoulder flexing",-,-,-,-,-,-,Green,-,-,-
2021-06-25,-,-,-,-,-,-,Green,-,Blue,-,-,-,-,-,-,-,Green,-,-,-
2021-06-26,-,-,-,-,-,-,Green,-,Green,"Mobility stretches
9 push-up
10 curl and push per arm
30 swings 
12 squats
30s hang and shrug",-,-,-,-,-,-,Green,-,-,-
2021-06-27,-,-,-,-,-,-,Green,-,Blue,Rest day.,-,-,-,-,-,-,Green,-,-,-
2021-06-28,-,-,-,-,-,-,Green,-,Blue,Way too hot in apartment,-,-,-,-,-,-,Green,-,-,-
2021-06-29,-,-,-,-,-,-,Green,-,Green,Stretching,-,-,-,-,-,-,Green,-,-,-
2021-06-30,-,-,-,-,-,-,Green,-,Green,"Mobility stretches
7 push-ups
20 kettlebell swings
10 curls to overhead lifts (per arm)
10 squats
30s hang with shoulder flexing last 15s knee lifts",-,-,-,-,-,-,Green,-,-,-
2021-07-01,-,-,-,-,-,-,Green,-,Green,"Mobility stretches
7 push-ups
20 kettlebell swings
10 curls to overhead lifts (per arm)
10 squats",-,-,-,-,-,-,Green,-,-,-
2021-07-02,-,-,-,-,-,-,Green,-,Blue,-,-,-,-,-,-,-,Green,-,-,-
2021-07-03,-,-,-,-,-,-,Green,-,Green,Mobility stretches,-,-,-,-,-,-,Green,-,-,-
2021-07-04,-,-,-,-,-,-,Green,-,Green,Hour long walk,-,-,-,-,-,-,Green,-,-,-
2021-07-05,-,-,-,-,-,-,Green,-,Blue,-,-,-,-,-,-,-,Green,-,-,-
2021-07-06,-,-,-,-,-,-,Green,-,Green,-,-,-,-,-,Green,-,Green,-,-,-
2021-07-07,-,-,-,-,-,-,Green,-,Blue,-,-,-,-,-,Green,-,Green,-,-,-
2021-07-08,-,-,-,-,-,-,Green,-,Blue,-,-,-,-,-,Green,-,Green,-,-,-
2021-07-09,-,-,-,-,-,-,Green,-,Green,-,-,-,-,-,Blue,-,Green,-,-,-
2021-07-10,-,-,-,-,-,-,Green,-,Green,-,-,-,-,-,Blue,-,Green,-,-,-
2021-07-11,-,-,-,-,-,-,Green,-,Green,-,-,-,-,-,Blue,-,Green,-,-,-
2021-07-12,-,-,-,-,-,-,Green,-,Blue,-,-,-,-,-,Green,-,Green,-,-,-
2021-07-13,-,-,-,-,-,-,Green,-,Green,-,-,-,-,-,Green,-,Green,-,-,-
2021-07-14,-,-,-,-,-,-,Green,-,Green,-,-,-,-,-,Green,-,Green,-,-,-
2021-07-15,-,-,-,-,-,-,Green,-,Green,-,-,-,-,-,Green,-,Green,-,-,-
2021-07-16,-,-,-,-,-,-,Green,-,Green,-,-,-,-,-,Green,-,Green,-,-,-
2021-07-17,-,-,-,-,-,-,Green,-,Blue,-,-,-,-,-,Blue,-,Green,-,-,-
2021-07-18,-,-,-,-,-,-,Green,-,Blue,-,-,-,-,-,Blue,-,Green,-,-,-
2021-07-19,-,-,-,-,-,-,Green,-,Blue,-,-,-,-,-,Blue,-,Green,-,-,-
2021-07-20,-,-,-,-,-,-,Green,-,Green,-,-,-,-,-,Green,-,Green,-,-,-
2021-07-21,-,-,-,-,-,-,Green,-,Green,-,-,-,-,-,Green,-,Green,-,-,-
2021-07-22,-,-,-,-,-,-,Green,-,Green,-,-,-,-,-,Green,-,Green,-,-,-
2021-07-23,-,-,-,-,-,-,Green,-,Green,-,-,-,-,-,Green,-,Green,-,-,-
2021-07-24,-,-,-,-,-,-,Green,-,Green,"Mobility stretches
6 push-ups
30 kettlebell swings
10 curls to overhead lifts (per arm)
10 kettlebell rows arm
10 chest press per arm",-,-,-,-,Green,-,Green,-,-,-
2021-07-25,-,-,-,-,-,-,Green,-,Blue,Rest day - stretching,-,-,-,-,Green,-,Green,-,-,-
2021-07-26,-,-,-,-,-,-,Green,-,Green,"Mobility stretches
Walk/jog",-,-,-,-,Green,-,Green,-,-,-
2021-07-27,-,-,-,-,-,-,Green,-,Blue,-,-,-,-,-,Green,-,Green,-,-,-
2021-07-28,-,-,-,-,-,-,Green,-,Green,"Mobility stretches
7 push-ups
30 kettlebell swings
10 curls to overhead lifts (per arm)
10 kettlebell rows arm
10 chest press per arm",-,-,-,-,Green,-,Green,-,-,-
2021-07-29,-,-,-,-,-,-,Green,-,Green,Walk,-,-,-,-,Green,-,Green,-,-,-
2021-07-30,-,-,-,-,-,-,Green,-,Green,"Mobility stretches
6 push-ups
30 kettlebell swings
10 curls to overhead lifts (per arm)
15 kettlebell rows arm
10 chest press per arm
10 kettlebell squats",-,-,-,-,Green,-,Green,-,-,-
2021-07-31,-,-,-,-,-,-,Green,-,Green,Stretch and walk/jogging,-,-,-,-,Green,-,Green,-,-,-
2021-08-01,-,-,-,-,-,-,Green,-,Blue,-,-,-,-,-,Green,-,Green,-,-,-
2021-08-02,-,-,-,-,-,-,Green,-,Green,-,-,-,-,-,Green,-,Green,-,-,-
2021-08-03,-,-,-,-,-,-,Green,-,Green,-,-,-,-,-,Green,-,Green,-,-,-
2021-08-04,-,-,-,-,-,-,Green,-,Green,"Stretching
30 kettlebell swings 
Not well rested taking it easy",-,-,-,-,Green,-,Green,-,-,-
2021-08-05,-,-,-,-,-,-,Green,-,Green,-,-,-,-,-,Green,-,Green,-,-,-
2021-08-06,-,-,-,-,-,-,Green,-,Green,Photo walk,-,-,-,-,Green,-,Green,-,-,-
2021-08-07,-,-,-,-,-,-,Green,-,Green,-,-,-,-,-,Green,-,Green,-,-,-
2021-08-08,-,-,-,-,-,-,Green,-,Blue,-,-,-,-,-,Green,-,Green,-,-,-
2021-08-09,-,-,-,-,-,-,Green,-,Blue,-,-,-,-,-,Green,-,Green,-,-,-
2021-08-10,-,-,-,-,-,-,Green,-,Blue,-,-,-,-,-,Green,-,Green,-,-,-
2021-08-11,-,-,-,-,-,-,Green,-,Blue,-,-,-,-,-,Green,-,Green,-,-,-
2021-08-12,-,-,-,-,-,-,Green,-,Green,"Stretching
30 kettlebell swings
10 curls
15 rows
15 over head lifts
15 chest lifts",-,-,-,-,Green,-,Green,-,-,-
2021-08-13,-,-,-,-,-,-,Green,-,Blue,-,-,-,-,-,Green,-,Green,-,-,-
2021-08-14,-,-,-,-,-,-,Green,-,Blue,-,-,-,-,-,Green,-,Green,-,-,-
2021-08-15,-,-,-,-,-,-,Green,-,Green,Very long walk,-,-,-,-,Green,-,Green,-,-,-
2021-08-16,-,-,-,-,-,-,Green,-,Green,Short walk,-,-,-,-,Green,-,Green,-,-,-
2021-08-17,-,-,-,-,-,-,Green,-,Blue,-,-,-,-,-,Green,-,Green,-,-,-
2021-08-18,-,-,-,-,-,-,Green,-,Green,-,-,-,-,-,Green,-,Green,-,-,-
2021-08-19,-,-,-,-,-,-,Green,-,Green,"Stretching
30 kettlebell swings
10 curls
15 rows
15 over head lifts
15 chest lifts
10 squats
10 push-ups
2 sets forward neck stretches",-,-,-,-,Green,-,Green,-,-,-
2021-08-20,-,-,-,-,-,-,Green,-,Green,Stretching and walk,-,-,-,-,Green,-,Green,-,-,-
2021-08-21,-,-,-,-,-,-,Green,-,Blue,-,-,-,-,-,Green,-,Green,-,-,-
2021-08-22,-,-,-,-,-,-,Green,-,Green,Jog / walk,-,-,-,-,Green,-,Green,-,-,-
2021-08-23,-,-,-,-,-,-,Green,-,Blue,-,-,-,-,-,Green,-,Green,-,-,-
2021-08-24,-,-,-,-,-,-,Green,-,Green,"Stretching
30 kettlebell swings
10 curls
15 rows
15 over head lifts
15 chest lifts
10 squats
10 crunches w/ kettle bell
1 sets forward neck stretches",-,-,-,-,Green,-,Green,-,-,-
2021-08-25,-,-,-,-,-,-,Green,-,Green,Short jog / walk,-,-,-,-,Green,-,Green,-,-,-
2021-08-26,-,-,-,-,-,-,Green,-,Green,"Stretching
35 kettlebell swings
15 curls
15 rows
15 over head lifts
15 chest lifts
15 squats
1m v-sit extended leg progression",-,-,-,-,Green,-,Green,-,-,-
2021-08-27,-,-,-,-,-,-,Green,-,Green,Walk / jog,-,-,-,-,Green,-,Green,-,-,-
2021-08-28,-,-,-,-,-,-,Green,-,Blue,Rest day,-,-,-,-,Green,-,Green,-,-,-
2021-08-29,-,-,-,-,-,-,Green,-,Green,Morning walk,-,-,-,-,Green,-,Green,-,-,-
2021-08-30,-,-,-,-,-,-,Green,-,Blue,-,-,-,-,-,Green,-,Green,-,-,-
2021-08-31,-,-,-,-,-,-,Green,-,Green,20m walk,-,-,-,-,Green,-,Green,-,-,-
2021-09-01,-,-,-,-,-,-,Green,-,Green,Jog / walk,-,-,-,-,Green,-,Green,-,-,-
2021-09-02,-,-,-,-,-,-,Green,-,Green,"Stretching
30 kettlebell swings
15 curls
15 rows
15 over head lifts
15 chest lifts
10 squats
10 lunges with kettle bell",-,-,-,-,Green,-,Green,-,-,-
2021-09-03,-,-,-,-,-,-,Green,-,Green,Walk,-,-,-,-,Green,-,Green,-,-,-
2021-09-04,-,-,-,-,-,-,Green,-,Blue,Driving day to chalet,-,-,-,-,Green,-,Green,-,-,-
2021-09-05,-,-,-,-,-,-,Green,-,Green,Walk jog,-,-,-,-,Green,-,Green,-,-,-
2021-09-06,-,-,-,-,-,-,Green,-,Blue,-,-,-,-,-,Green,-,Green,-,-,-
2021-09-07,-,-,-,-,-,-,Green,-,Blue,-,-,-,-,-,Green,-,Green,-,-,-
2021-09-08,-,-,-,-,-,-,Green,-,Blue,-,-,-,-,-,Green,-,Green,-,-,-
2021-09-09,-,-,-,-,-,-,Green,-,Blue,-,-,-,-,-,Green,-,Green,-,-,-
2021-09-10,-,-,-,-,-,-,Green,-,Blue,-,-,-,-,-,Green,-,Green,-,-,-
2021-09-11,-,-,-,-,-,-,Green,-,Blue,-,-,-,-,-,Green,-,Green,-,-,-
2021-09-12,-,-,-,-,-,-,Green,-,Blue,-,-,-,-,-,Blue,-,Green,-,-,-
2021-09-13,-,-,-,-,-,-,Green,-,Green,Short walk,-,-,-,-,Green,-,Blue,-,-,-
2021-09-14,-,-,-,-,-,-,Green,-,Blue,-,-,-,-,-,Green,-,Green,-,-,-
2021-09-15,-,-,-,-,-,-,Green,-,Green,-,-,-,-,-,Green,-,Green,-,-,-
2021-09-16,-,-,-,-,-,-,Green,-,Blue,-,-,-,-,-,Green,-,Green,-,-,-
2021-09-17,-,-,-,-,-,-,Green,-,Blue,-,-,-,-,-,Green,-,Green,-,-,-
2021-09-18,-,-,-,-,-,-,Green,-,Blue,-,-,-,-,-,Green,-,Green,-,-,-
2021-09-19,-,-,-,-,-,-,Green,-,Blue,-,-,-,-,-,Green,-,Green,-,-,-
2021-09-20,-,-,-,-,-,-,Green,-,Green,-,-,-,-,-,Green,-,Green,-,-,-
2021-09-21,-,-,-,-,-,-,Green,-,Green,2 sets sun salutations,-,-,-,-,Green,-,Green,-,-,-
2021-09-22,-,-,-,-,-,-,Green,-,Green,4 sun salutations,-,-,-,-,Green,-,Green,-,-,-
2021-09-23,-,-,-,-,-,-,Green,-,Green,6 sun salutations,-,-,-,-,Blue,-,Green,-,-,-
2021-09-24,-,-,-,-,-,-,Green,-,Green,8 sun salutations,-,-,-,-,Green,-,Green,-,-,-
2021-09-25,-,-,-,-,-,-,Green,-,Green,-,-,-,-,-,Green,-,Green,-,-,-
2021-09-26,-,-,-,-,-,-,Green,-,Blue,-,-,-,-,-,Blue,-,Green,-,-,-
2021-09-27,-,-,-,-,-,-,Green,-,Green,Short walk,-,-,-,-,Blue,-,Green,-,-,-
2021-09-28,-,-,-,-,-,-,Green,-,Blue,-,-,-,-,-,Green,-,Green,-,-,-
2021-09-29,-,-,-,-,-,-,Green,-,Blue,-,-,-,-,-,Green,-,Blue,-,-,-
2021-09-30,-,-,-,-,-,-,Green,-,Green,Short walk,-,-,-,-,Green,-,Blue,-,Blue,-
2021-10-01,-,-,-,-,-,-,Green,-,Green,Short walk,-,-,-,-,Green,-,Blue,-,Green,-
2021-10-02,-,-,-,-,-,-,Green,-,Green,2 sun salutations,-,-,-,-,Green,-,Green,-,Blue,-
2021-10-03,-,-,-,-,-,-,Green,-,Green,Walk around Chinatown,-,-,-,-,Green,-,Blue,-,Green,-
2021-10-04,-,-,-,-,-,-,Green,-,Green,4 sun salutations,-,-,-,-,Green,-,Blue,-,Green,-
2021-10-05,-,-,-,-,-,-,Green,-,Green,"4 sun salutations 
5 incline push-ups
Stretching",-,-,-,-,Green,-,Green,-,Green,-
2021-10-06,-,-,-,-,-,-,Green,-,Green,"4 sun salutations 
5 incline push-ups
Stretching",-,-,-,-,Green,-,Green,-,Green,-
2021-10-07,-,-,-,-,-,-,Green,-,Green,"4 sun salutations 
8 incline push-ups",-,-,-,-,Green,-,Green,-,Green,-
2021-10-08,-,-,-,-,-,-,Green,-,Green,-,-,-,-,-,Green,-,Blue,-,Green,-
2021-10-09,-,-,-,-,-,-,Green,-,Blue,-,-,-,-,-,Green,-,Green,-,Blue,-
2021-10-10,-,-,-,-,-,-,Green,-,Green,-,-,-,-,-,Green,-,Green,-,Green,-
2021-10-11,-,-,-,-,-,-,Green,-,Green,2 sun salutations,-,-,-,-,Green,-,Green,-,Blue,-
2021-10-12,-,-,-,-,-,-,Green,-,Green,-,-,-,-,-,Green,-,Green,-,Blue,-
2021-10-13,-,-,-,-,-,-,Green,-,Blue,-,-,-,-,-,Green,-,Blue,-,Green,-
2021-10-14,-,-,-,-,-,-,Green,-,Green,-,-,-,-,-,Green,-,Green,-,Green,-
2021-10-15,-,-,-,-,-,-,Green,-,Green,-,-,-,-,-,Green,-,Green,-,Green,-
2021-10-16,-,-,-,-,-,-,Green,-,Green,-,-,-,-,-,Green,-,Green,-,Green,-
2021-10-17,-,-,-,-,-,-,Green,-,Green,-,-,-,-,-,Green,-,Green,-,Blue,-
2021-10-18,-,-,-,-,-,-,Green,15m - counting breaths,Green,-,-,-,-,-,Green,-,Green,-,Blue,-
2021-10-19,-,-,-,-,-,-,Green,-,Green,-,-,-,-,-,Green,-,Green,-,Green,-
2021-10-20,-,-,-,-,-,-,Green,-,Green,-,-,-,-,-,Green,-,Green,-,Blue,-
2021-10-21,-,-,-,-,-,-,Green,-,Green,-,-,-,-,-,Green,-,Green,-,Blue,-
2021-10-22,-,-,-,-,-,-,Green,-,Green,-,-,-,-,-,Green,-,Green,-,Blue,-
2021-10-23,-,-,-,-,-,-,Green,Cut short due to bowel issues,Green,-,-,-,-,-,Green,-,Green,-,Blue,-
2021-10-24,-,-,-,-,-,-,Green,-,Green,-,-,-,-,-,Green,-,Green,-,Blue,-
2021-10-25,-,-,-,-,-,-,Green,-,Green,-,-,-,-,-,Green,-,Green,-,Blue,-
2021-10-26,-,-,-,-,-,-,Green,-,Green,-,-,-,-,-,Green,-,Green,-,Green,-
2021-10-27,-,-,-,-,-,-,Green,-,Green,-,-,-,-,-,Green,-,Green,-,Blue,-
2021-10-28,-,-,-,-,-,-,Green,-,Green,-,-,-,-,-,Green,-,Green,-,Green,-
2021-10-29,-,-,-,-,-,-,Green,-,Green,"4 sun salutations 
8 push-ups
Stretching
Thoracic spine stretches",-,-,-,-,Green,-,Green,-,Blue,-
2021-10-30,-,-,-,-,-,-,Green,-,Green,-,-,-,-,-,Green,-,Green,-,Blue,-
2021-10-31,-,-,-,-,-,-,Green,-,Blue,-,-,-,-,-,Green,-,Green,-,Green,-
2021-11-01,-,-,-,-,-,-,Green,-,Green,-,-,-,-,-,Green,-,Green,-,Green,-
2021-11-02,-,-,-,-,-,-,Green,-,Green,-,-,-,-,-,Green,-,Green,-,Green,-
2021-11-03,-,-,-,-,-,-,Green,-,Green,-,-,-,-,-,Green,-,Green,-,Blue,-
2021-11-04,-,-,-,-,-,-,Green,-,Green,-,-,-,-,-,Green,-,Green,-,Blue,-
2021-11-05,-,-,-,-,-,-,Green,-,Green,-,-,-,-,-,Green,-,Green,-,Blue,-
2021-11-06,-,-,-,-,-,-,Green,-,Green,-,-,-,-,-,Green,-,Green,-,Blue,-
2021-11-07,-,-,-,-,-,-,Green,-,Green,-,-,-,-,-,Green,-,Green,-,Blue,-
2021-11-08,-,-,-,-,-,-,Green,-,Green,-,-,-,-,-,Green,-,Green,-,Blue,-
2021-11-09,-,-,-,-,-,-,Green,-,Green,-,-,-,-,-,Green,-,Green,-,Blue,-
2021-11-10,-,-,-,-,-,-,Green,-,Green,-,-,-,-,-,Green,-,Green,-,Blue,-
2021-11-11,-,-,-,-,-,-,Green,-,Green,-,-,-,-,-,Green,-,Green,-,Blue,-
2021-11-12,-,-,-,-,-,-,Green,-,Green,-,-,-,-,-,Green,-,Green,-,Blue,-
2021-11-13,-,-,-,-,-,-,Green,-,Green,-,-,-,-,-,Green,-,Green,-,Blue,-
2021-11-14,-,-,-,-,-,-,Green,-,Green,-,-,-,-,-,Green,-,Green,-,Blue,-
2021-11-15,-,-,-,-,-,-,Green,-,Green,-,-,-,-,-,Green,-,Green,-,Blue,-
2021-11-16,-,-,-,-,-,-,Green,-,Green,-,-,-,-,-,Green,-,Green,-,Blue,-
2021-11-17,-,-,-,-,-,-,Green,-,Green,-,-,-,-,-,Green,-,Green,-,Blue,-
2021-11-18,-,-,-,-,-,-,Green,-,Green,-,-,-,-,-,Green,-,Green,-,Blue,-
2021-11-19,-,-,-,-,-,-,Green,-,Green,-,-,-,-,-,Green,-,Green,-,Blue,-
2021-11-20,-,-,-,-,-,-,Green,-,Green,-,-,-,-,-,Green,-,Green,-,Blue,-
2021-11-21,-,-,-,-,-,-,Green,-,Green,-,-,-,-,-,Green,-,Green,-,Blue,-
2021-11-22,-,-,-,-,-,-,Green,-,Green,-,-,-,-,-,Green,-,Green,-,Blue,-
2021-11-23,-,-,-,-,-,-,Green,-,Blue,-,-,-,-,-,Green,-,Green,-,Blue,-
2021-11-24,-,-,-,-,-,-,Green,-,Green,-,-,-,-,-,Green,-,Green,-,Blue,-
2021-11-25,-,-,-,-,-,-,Green,-,Green,-,-,-,-,-,Green,-,Green,-,Blue,-
2021-11-26,-,-,-,-,-,-,Green,-,Blue,-,-,-,-,-,Green,-,Green,-,Blue,-
2021-11-27,-,-,-,-,-,-,Green,-,Green,20 minute Ba Duan Jin practice,-,-,-,-,Green,-,Green,-,Blue,-
2021-11-28,-,-,-,-,-,-,Green,-,Green,-,-,-,-,-,Green,-,Green,-,Blue,-
2021-11-29,-,-,-,-,-,-,Green,-,Blue,-,-,-,-,-,Green,-,Green,-,Blue,-
2021-11-30,-,-,-,-,-,-,Green,-,Green,-,-,-,-,-,Green,-,Green,-,Blue,-
2021-12-01,-,-,-,-,-,-,Green,-,Green,-,-,-,-,-,Green,-,Green,-,Blue,-
2021-12-02,-,-,-,-,-,-,Green,-,Green,-,-,-,-,-,Green,-,Green,-,Blue,-
2021-12-03,-,-,-,-,-,-,Green,-,Green,-,-,-,-,-,Green,-,Green,-,Blue,-
2021-12-04,-,-,-,-,-,-,Green,-,Green,-,-,-,-,-,Green,-,Green,-,Blue,-
2021-12-05,-,-,-,-,-,-,Green,-,Green,-,-,-,-,-,Blue,-,Green,-,Blue,-
2021-12-06,-,-,-,-,-,-,Green,-,Green,-,-,-,-,-,Green,-,Green,-,Blue,-
2021-12-07,-,-,-,-,-,-,Green,-,Green,-,-,-,-,-,Green,-,Green,-,Blue,-
2021-12-08,-,-,-,-,-,-,Green,-,Green,-,-,-,-,-,Green,-,Green,-,Blue,-
2021-12-09,-,-,-,-,-,-,Green,-,Green,-,-,-,-,-,Green,-,Green,-,Green,-
2021-12-10,-,-,-,-,-,-,Green,-,Green,-,-,-,-,-,Green,-,Green,-,Green,-
2021-12-11,-,-,-,-,-,-,Green,-,Blue,-,-,-,-,-,Green,-,Green,-,Green,-
2021-12-12,-,-,-,-,-,-,Green,-,Green,-,-,-,-,-,Green,-,Green,-,Green,-
2021-12-13,-,-,-,-,-,-,Green,-,Green,-,-,-,-,-,Green,-,Green,-,Green,-
2021-12-14,-,-,-,-,-,-,Green,-,Green,-,-,-,-,-,Green,-,Green,-,Green,-
2021-12-15,-,-,-,-,-,-,Green,-,Green,-,-,-,-,-,Green,-,Green,-,Green,-
2021-12-16,-,-,-,-,-,-,Green,-,Green,-,-,-,-,-,Green,-,Green,-,Green,-
2021-12-17,-,-,-,-,-,-,Green,-,Green,-,-,-,-,-,Green,-,Green,-,Green,-
2021-12-18,-,-,-,-,-,-,Green,-,Green,-,-,-,-,-,Green,-,Green,-,Green,-
2021-12-19,-,-,-,-,-,-,Green,-,Green,-,-,-,-,-,Green,-,Green,-,Green,-
2021-12-20,-,-,-,-,-,-,Green,-,Green,-,-,-,-,-,Green,-,Green,-,Green,-
2021-12-21,-,-,-,-,-,-,Green,-,Green,-,-,-,-,-,Green,-,Green,-,Green,-
2021-12-22,-,-,-,-,-,-,Green,-,Green,-,-,-,-,-,Green,-,Green,-,Green,-
2021-12-23,-,-,-,-,-,-,Green,-,Green,-,-,-,-,-,Green,-,Green,-,Green,-
2021-12-24,-,-,-,-,-,-,Green,-,Green,-,-,-,-,-,Green,-,Green,-,Green,-
2021-12-25,-,-,-,-,-,-,Green,-,Blue,-,-,-,-,-,Green,-,Green,-,Green,-
2021-12-26,-,-,-,-,-,-,Green,-,Green,-,-,-,-,-,Green,-,Green,-,Green,-
2021-12-27,-,-,-,-,-,-,Green,-,Green,-,-,-,-,-,Green,-,Green,-,Green,-
2021-12-28,-,-,-,-,-,-,Green,-,Green,-,-,-,-,-,Green,-,Green,-,Green,-
2021-12-29,-,-,-,-,-,-,Green,-,Green,-,-,-,-,-,Green,-,Green,-,Green,-
2021-12-30,-,-,-,-,-,-,Green,-,Green,-,-,-,-,-,Green,-,Green,-,Green,-
2021-12-31,-,-,-,-,-,-,Green,-,Green,-,-,-,-,-,Green,-,Green,-,Green,-
2022-01-01,-,-,-,-,-,-,Green,"2x 10 minutes
Observed a minor anxiety attack in the second",Green,-,Green,-,Red,-,Green,-,Green,-,Green,-
2022-01-02,-,-,-,-,-,-,Green,-,Green,-,Green,-,Green,-,Green,-,Green,-,Green,-
2022-01-03,-,-,-,-,-,-,Green,-,Green,-,Green,-,Red,-,Green,-,Green,-,Green,-
2022-01-04,-,-,-,-,-,-,Green,-,Green,-,Green,-,Red,-,Green,-,Green,-,Green,-
2022-01-05,-,-,-,-,-,-,Green,-,Green,-,Blue,-,Red,-,Green,-,Green,-,Green,-
2022-01-06,-,-,-,-,-,-,Green,-,Green,-,Green,-,Green,-,Green,-,Green,-,Green,-
2022-01-07,-,-,-,-,-,-,Green,-,Blue,-,Blue,-,Red,-,Green,-,Green,-,Green,-
2022-01-08,-,-,-,-,-,-,Green,-,Green,-,Green,-,Green,-,Green,-,Green,-,Green,-
2022-01-09,-,-,-,-,-,-,Green,-,Green,-,Green,-,Red,-,Green,-,Green,-,Green,-
2022-01-10,-,-,-,-,Green,-,Green,-,Green,-,Green,-,Red,-,Green,-,Green,-,Green,-
2022-01-11,-,-,-,-,Green,-,Green,-,Green,-,Blue,-,Red,-,Green,-,Green,-,Green,-
2022-01-12,-,-,-,-,Green,-,Green,-,Green,-,Green,-,Red,-,Green,-,Green,-,Green,-
2022-01-13,-,-,-,-,Red,-,Green,-,Green,-,Blue,-,Green,-,Green,-,Green,-,Green,-
2022-01-14,-,-,-,-,Green,-,Green,-,Green,-,Green,-,Red,-,Green,-,Green,-,Green,-
2022-01-15,-,-,-,-,Green,-,Green,-,Green,-,Blue,-,Green,-,Green,-,Green,-,Green,-
2022-01-16,-,-,-,-,Green,-,Green,-,Blue,-,Blue,-,Red,-,Green,-,Green,-,Green,-
2022-01-17,-,-,-,-,Green,-,Green,-,Green,-,Blue,-,Red,-,Green,-,Green,-,Green,-
2022-01-18,-,-,-,-,Green,-,Green,-,Green,-,Green,-,Green,-,Green,-,Green,-,Green,-
2022-01-19,-,-,-,-,Red,-,Green,-,Green,-,Green,-,Red,-,Blue,-,Green,-,Green,-
2022-01-20,-,-,-,-,Green,-,Green,-,Blue,-,Green,-,Red,-,Green,-,Green,-,Green,-
2022-01-21,-,-,-,-,Green,-,Green,-,Green,-,Blue,-,Green,-,Green,-,Green,-,Green,-
2022-01-22,-,-,-,-,Green,-,Green,-,Green,-,Green,-,Green,-,Green,-,Green,-,Green,-
2022-01-23,-,-,-,-,Green,-,Green,-,Blue,-,Blue,-,Blue,-,Green,-,Green,-,Green,-
2022-01-24,-,-,-,-,Green,-,Green,-,Green,-,Blue,-,Red,-,Green,-,Green,-,Green,-
2022-01-25,-,-,-,-,Green,-,Green,-,Green,-,Blue,-,Red,-,Green,-,Green,-,Green,-
2022-01-26,-,-,Green,-,Green,-,Green,-,Green,-,Green,-,Red,-,Green,-,Green,-,Green,-
2022-01-27,-,-,Green,-,Green,-,Green,-,Blue,-,Blue,-,Green,-,Green,-,Green,-,Green,-
2022-01-28,-,-,Green,-,Green,-,Green,-,Blue,-,Blue,-,Green,-,Green,-,Green,-,Green,-
2022-01-29,-,-,Green,-,Green,-,Green,-,Green,-,Blue,-,Green,-,Green,-,Green,-,Green,-
2022-01-30,-,-,Green,-,Green,-,Green,-,Green,-,Green,-,Blue,-,Green,-,Green,-,Green,-
2022-01-31,-,-,Green,-,Green,-,Green,-,Blue,-,Blue,-,Red,-,Green,-,Green,-,Green,-
2022-02-01,-,-,Green,-,Green,-,Green,-,Green,-,Green,-,Red,-,Green,-,Green,-,Green,-
2022-02-02,-,-,Green,-,Green,-,Green,-,Blue,-,Green,-,Red,-,Green,-,Green,-,Green,-
2022-02-03,-,-,Green,-,Green,-,Green,-,Green,-,Green,-,Red,-,Green,-,Green,-,Green,-
2022-02-04,-,-,Green,-,Red,-,Green,-,Green,-,Green,-,Red,-,Green,-,Green,-,Green,-
2022-02-05,-,-,Green,-,Green,-,Green,-,Green,-,Green,-,Green,-,Green,-,Green,-,Green,-
2022-02-06,-,-,Green,-,Green,-,Green,-,Green,-,Blue,-,Red,-,Green,-,Green,-,Green,-
2022-02-07,-,-,Green,-,Red,-,Green,-,Green,-,Green,-,Red,-,Green,-,Green,-,Green,-
2022-02-08,-,-,Red,-,Green,-,Green,-,Blue,-,Blue,-,Red,-,Green,-,Green,-,Green,-
2022-02-09,-,-,Green,-,Green,-,Green,-,Green,-,Blue,-,Red,-,Green,-,Green,-,Green,-
2022-02-10,-,-,Green,-,Red,-,Green,-,Green,Took a walk in the AM to run errands,Green,-,Red,-,Green,-,Blue,-,Green,-
2022-02-11,-,-,Green,-,Red,-,Green,-,Green,-,Blue,-,Red,-,Green,-,Blue,-,Green,-
2022-02-12,-,-,Green,-,Green,-,Green,-,Green,-,Green,-,Green,-,Green,-,Green,-,Green,-
2022-02-13,-,-,Green,-,Green,-,Green,-,Blue,-,Blue,-,Red,-,Green,-,Green,-,Green,-
2022-02-14,-,-,Green,-,Green,-,Green,-,Green,-,Green,-,Red,-,Green,-,Blue,-,Green,-
2022-02-15,-,-,Green,-,Green,-,Green,-,Green,Stretching,Blue,-,Blue,-,Green,-,Green,-,Green,-
2022-02-16,-,-,Green,-,Green,-,Green,-,Green,Stretching,Blue,-,Blue,-,Green,-,Blue,-,Green,-
2022-02-17,Green,-,Green,-,Green,-,Green,-,Green,-,Green,-,Blue,-,Green,-,Green,-,Green,-
2022-02-18,Green,-,Green,-,Red,-,Green,-,Green,-,Blue,-,Blue,-,Green,-,Green,-,Green,-
2022-02-19,Green,-,Green,-,Green,-,Green,-,Blue,-,Green,-,Blue,-,Green,-,Green,-,Green,-
2022-02-20,Green,-,Green,-,Green,-,Green,-,Blue,Back still stuck. Will try light stretches as day goes on.,Green,-,Blue,-,Green,-,Green,-,Green,-
2022-02-21,Green,-,Green,-,Green,-,Green,-,Green,Stretching + 18 Clean and Press (per arm). Back still sore so Iâ€™m taking it easy.,Green,-,Red,-,Green,-,Green,-,Green,-
2022-02-22,Green,-,Green,-,Green,-,Green,-,Blue,-,Green,-,Red,-,Green,-,Green,-,Green,-
2022-02-23,Blue,-,Green,-,Green,-,Green,-,Green,-,Green,-,Green,-,Green,-,Green,-,Green,-
2022-02-24,Green,-,Green,-,Green,-,Green,-,Green,-,Green,-,Green,-,Green,-,Green,-,Green,-
2022-02-25,Green,-,Green,-,Green,-,Green,-,Green,-,Green,-,Green,-,Green,-,Green,-,Green,-
2022-02-26,Green,-,Green,-,Green,-,Green,-,Green,-,Green,-,Red,-,Green,-,Green,-,Green,-
